seed,config,model,dataset,tokens_trained,layer,expert,count
42,small,deepseekv4,tiny_shakespeare,512,0,0,259
42,small,deepseekv4,tiny_shakespeare,512,0,1,253
42,small,deepseekv4,tiny_shakespeare,512,0,2,194
42,small,deepseekv4,tiny_shakespeare,512,0,3,318
42,small,deepseekv4,tiny_shakespeare,512,1,0,224
42,small,deepseekv4,tiny_shakespeare,512,1,1,245
42,small,deepseekv4,tiny_shakespeare,512,1,2,299
42,small,deepseekv4,tiny_shakespeare,512,1,3,256
42,small,deepseekv4,tiny_shakespeare,10240,0,0,255
42,small,deepseekv4,tiny_shakespeare,10240,0,1,254
42,small,deepseekv4,tiny_shakespeare,10240,0,2,201
42,small,deepseekv4,tiny_shakespeare,10240,0,3,314
42,small,deepseekv4,tiny_shakespeare,10240,1,0,276
42,small,deepseekv4,tiny_shakespeare,10240,1,1,280
42,small,deepseekv4,tiny_shakespeare,10240,1,2,207
42,small,deepseekv4,tiny_shakespeare,10240,1,3,261
42,small,deepseekv4,tiny_shakespeare,20480,0,0,269
42,small,deepseekv4,tiny_shakespeare,20480,0,1,259
42,small,deepseekv4,tiny_shakespeare,20480,0,2,195
42,small,deepseekv4,tiny_shakespeare,20480,0,3,301
42,small,deepseekv4,tiny_shakespeare,20480,1,0,196
42,small,deepseekv4,tiny_shakespeare,20480,1,1,268
42,small,deepseekv4,tiny_shakespeare,20480,1,2,263
42,small,deepseekv4,tiny_shakespeare,20480,1,3,297
42,small,deepseekv4,tiny_shakespeare,30720,0,0,249
42,small,deepseekv4,tiny_shakespeare,30720,0,1,264
42,small,deepseekv4,tiny_shakespeare,30720,0,2,203
42,small,deepseekv4,tiny_shakespeare,30720,0,3,308
42,small,deepseekv4,tiny_shakespeare,30720,1,0,242
42,small,deepseekv4,tiny_shakespeare,30720,1,1,277
42,small,deepseekv4,tiny_shakespeare,30720,1,2,267
42,small,deepseekv4,tiny_shakespeare,30720,1,3,238
42,small,deepseekv4,tiny_shakespeare,40960,0,0,255
42,small,deepseekv4,tiny_shakespeare,40960,0,1,254
42,small,deepseekv4,tiny_shakespeare,40960,0,2,207
42,small,deepseekv4,tiny_shakespeare,40960,0,3,308
42,small,deepseekv4,tiny_shakespeare,40960,1,0,254
42,small,deepseekv4,tiny_shakespeare,40960,1,1,265
42,small,deepseekv4,tiny_shakespeare,40960,1,2,266
42,small,deepseekv4,tiny_shakespeare,40960,1,3,239
42,small,deepseekv4,tiny_shakespeare,51200,0,0,278
42,small,deepseekv4,tiny_shakespeare,51200,0,1,248
42,small,deepseekv4,tiny_shakespeare,51200,0,2,201
42,small,deepseekv4,tiny_shakespeare,51200,0,3,297
42,small,deepseekv4,tiny_shakespeare,51200,1,0,336
42,small,deepseekv4,tiny_shakespeare,51200,1,1,288
42,small,deepseekv4,tiny_shakespeare,51200,1,2,168
42,small,deepseekv4,tiny_shakespeare,51200,1,3,232
42,small,deepseekv4,tiny_shakespeare,61440,0,0,266
42,small,deepseekv4,tiny_shakespeare,61440,0,1,242
42,small,deepseekv4,tiny_shakespeare,61440,0,2,196
42,small,deepseekv4,tiny_shakespeare,61440,0,3,320
42,small,deepseekv4,tiny_shakespeare,61440,1,0,252
42,small,deepseekv4,tiny_shakespeare,61440,1,1,277
42,small,deepseekv4,tiny_shakespeare,61440,1,2,227
42,small,deepseekv4,tiny_shakespeare,61440,1,3,268
42,small,deepseekv4,tiny_shakespeare,71680,0,0,249
42,small,deepseekv4,tiny_shakespeare,71680,0,1,267
42,small,deepseekv4,tiny_shakespeare,71680,0,2,187
42,small,deepseekv4,tiny_shakespeare,71680,0,3,321
42,small,deepseekv4,tiny_shakespeare,71680,1,0,278
42,small,deepseekv4,tiny_shakespeare,71680,1,1,243
42,small,deepseekv4,tiny_shakespeare,71680,1,2,243
42,small,deepseekv4,tiny_shakespeare,71680,1,3,260
42,small,deepseekv4,tiny_shakespeare,81920,0,0,254
42,small,deepseekv4,tiny_shakespeare,81920,0,1,255
42,small,deepseekv4,tiny_shakespeare,81920,0,2,214
42,small,deepseekv4,tiny_shakespeare,81920,0,3,301
42,small,deepseekv4,tiny_shakespeare,81920,1,0,243
42,small,deepseekv4,tiny_shakespeare,81920,1,1,282
42,small,deepseekv4,tiny_shakespeare,81920,1,2,223
42,small,deepseekv4,tiny_shakespeare,81920,1,3,276
42,small,deepseekv4,tiny_shakespeare,92160,0,0,264
42,small,deepseekv4,tiny_shakespeare,92160,0,1,254
42,small,deepseekv4,tiny_shakespeare,92160,0,2,206
42,small,deepseekv4,tiny_shakespeare,92160,0,3,300
42,small,deepseekv4,tiny_shakespeare,92160,1,0,158
42,small,deepseekv4,tiny_shakespeare,92160,1,1,237
42,small,deepseekv4,tiny_shakespeare,92160,1,2,320
42,small,deepseekv4,tiny_shakespeare,92160,1,3,309
42,small,deepseekv4,tiny_shakespeare,102400,0,0,257
42,small,deepseekv4,tiny_shakespeare,102400,0,1,239
42,small,deepseekv4,tiny_shakespeare,102400,0,2,196
42,small,deepseekv4,tiny_shakespeare,102400,0,3,332
42,small,deepseekv4,tiny_shakespeare,102400,1,0,310
42,small,deepseekv4,tiny_shakespeare,102400,1,1,268
42,small,deepseekv4,tiny_shakespeare,102400,1,2,209
42,small,deepseekv4,tiny_shakespeare,102400,1,3,237
42,small,deepseekv4_attnres,tiny_shakespeare,512,0,0,259
42,small,deepseekv4_attnres,tiny_shakespeare,512,0,1,253
42,small,deepseekv4_attnres,tiny_shakespeare,512,0,2,194
42,small,deepseekv4_attnres,tiny_shakespeare,512,0,3,318
42,small,deepseekv4_attnres,tiny_shakespeare,512,1,0,414
42,small,deepseekv4_attnres,tiny_shakespeare,512,1,1,211
42,small,deepseekv4_attnres,tiny_shakespeare,512,1,2,153
42,small,deepseekv4_attnres,tiny_shakespeare,512,1,3,246
42,small,deepseekv4_attnres,tiny_shakespeare,10240,0,0,255
42,small,deepseekv4_attnres,tiny_shakespeare,10240,0,1,254
42,small,deepseekv4_attnres,tiny_shakespeare,10240,0,2,201
42,small,deepseekv4_attnres,tiny_shakespeare,10240,0,3,314
42,small,deepseekv4_attnres,tiny_shakespeare,10240,1,0,385
42,small,deepseekv4_attnres,tiny_shakespeare,10240,1,1,247
42,small,deepseekv4_attnres,tiny_shakespeare,10240,1,2,133
42,small,deepseekv4_attnres,tiny_shakespeare,10240,1,3,259
42,small,deepseekv4_attnres,tiny_shakespeare,20480,0,0,269
42,small,deepseekv4_attnres,tiny_shakespeare,20480,0,1,259
42,small,deepseekv4_attnres,tiny_shakespeare,20480,0,2,195
42,small,deepseekv4_attnres,tiny_shakespeare,20480,0,3,301
42,small,deepseekv4_attnres,tiny_shakespeare,20480,1,0,211
42,small,deepseekv4_attnres,tiny_shakespeare,20480,1,1,276
42,small,deepseekv4_attnres,tiny_shakespeare,20480,1,2,183
42,small,deepseekv4_attnres,tiny_shakespeare,20480,1,3,354
42,small,deepseekv4_attnres,tiny_shakespeare,30720,0,0,249
42,small,deepseekv4_attnres,tiny_shakespeare,30720,0,1,264
42,small,deepseekv4_attnres,tiny_shakespeare,30720,0,2,203
42,small,deepseekv4_attnres,tiny_shakespeare,30720,0,3,308
42,small,deepseekv4_attnres,tiny_shakespeare,30720,1,0,232
42,small,deepseekv4_attnres,tiny_shakespeare,30720,1,1,286
42,small,deepseekv4_attnres,tiny_shakespeare,30720,1,2,216
42,small,deepseekv4_attnres,tiny_shakespeare,30720,1,3,290
42,small,deepseekv4_attnres,tiny_shakespeare,40960,0,0,255
42,small,deepseekv4_attnres,tiny_shakespeare,40960,0,1,254
42,small,deepseekv4_attnres,tiny_shakespeare,40960,0,2,207
42,small,deepseekv4_attnres,tiny_shakespeare,40960,0,3,308
42,small,deepseekv4_attnres,tiny_shakespeare,40960,1,0,165
42,small,deepseekv4_attnres,tiny_shakespeare,40960,1,1,255
42,small,deepseekv4_attnres,tiny_shakespeare,40960,1,2,309
42,small,deepseekv4_attnres,tiny_shakespeare,40960,1,3,295
42,small,deepseekv4_attnres,tiny_shakespeare,51200,0,0,278
42,small,deepseekv4_attnres,tiny_shakespeare,51200,0,1,248
42,small,deepseekv4_attnres,tiny_shakespeare,51200,0,2,201
42,small,deepseekv4_attnres,tiny_shakespeare,51200,0,3,297
42,small,deepseekv4_attnres,tiny_shakespeare,51200,1,0,237
42,small,deepseekv4_attnres,tiny_shakespeare,51200,1,1,242
42,small,deepseekv4_attnres,tiny_shakespeare,51200,1,2,309
42,small,deepseekv4_attnres,tiny_shakespeare,51200,1,3,236
42,small,deepseekv4_attnres,tiny_shakespeare,61440,0,0,266
42,small,deepseekv4_attnres,tiny_shakespeare,61440,0,1,242
42,small,deepseekv4_attnres,tiny_shakespeare,61440,0,2,196
42,small,deepseekv4_attnres,tiny_shakespeare,61440,0,3,320
42,small,deepseekv4_attnres,tiny_shakespeare,61440,1,0,273
42,small,deepseekv4_attnres,tiny_shakespeare,61440,1,1,282
42,small,deepseekv4_attnres,tiny_shakespeare,61440,1,2,261
42,small,deepseekv4_attnres,tiny_shakespeare,61440,1,3,208
42,small,deepseekv4_attnres,tiny_shakespeare,71680,0,0,249
42,small,deepseekv4_attnres,tiny_shakespeare,71680,0,1,267
42,small,deepseekv4_attnres,tiny_shakespeare,71680,0,2,187
42,small,deepseekv4_attnres,tiny_shakespeare,71680,0,3,321
42,small,deepseekv4_attnres,tiny_shakespeare,71680,1,0,255
42,small,deepseekv4_attnres,tiny_shakespeare,71680,1,1,228
42,small,deepseekv4_attnres,tiny_shakespeare,71680,1,2,270
42,small,deepseekv4_attnres,tiny_shakespeare,71680,1,3,271
42,small,deepseekv4_attnres,tiny_shakespeare,81920,0,0,254
42,small,deepseekv4_attnres,tiny_shakespeare,81920,0,1,255
42,small,deepseekv4_attnres,tiny_shakespeare,81920,0,2,214
42,small,deepseekv4_attnres,tiny_shakespeare,81920,0,3,301
42,small,deepseekv4_attnres,tiny_shakespeare,81920,1,0,252
42,small,deepseekv4_attnres,tiny_shakespeare,81920,1,1,284
42,small,deepseekv4_attnres,tiny_shakespeare,81920,1,2,270
42,small,deepseekv4_attnres,tiny_shakespeare,81920,1,3,218
42,small,deepseekv4_attnres,tiny_shakespeare,92160,0,0,264
42,small,deepseekv4_attnres,tiny_shakespeare,92160,0,1,254
42,small,deepseekv4_attnres,tiny_shakespeare,92160,0,2,206
42,small,deepseekv4_attnres,tiny_shakespeare,92160,0,3,300
42,small,deepseekv4_attnres,tiny_shakespeare,92160,1,0,263
42,small,deepseekv4_attnres,tiny_shakespeare,92160,1,1,262
42,small,deepseekv4_attnres,tiny_shakespeare,92160,1,2,264
42,small,deepseekv4_attnres,tiny_shakespeare,92160,1,3,235
42,small,deepseekv4_attnres,tiny_shakespeare,102400,0,0,257
42,small,deepseekv4_attnres,tiny_shakespeare,102400,0,1,239
42,small,deepseekv4_attnres,tiny_shakespeare,102400,0,2,196
42,small,deepseekv4_attnres,tiny_shakespeare,102400,0,3,332
42,small,deepseekv4_attnres,tiny_shakespeare,102400,1,0,260
42,small,deepseekv4_attnres,tiny_shakespeare,102400,1,1,254
42,small,deepseekv4_attnres,tiny_shakespeare,102400,1,2,248
42,small,deepseekv4_attnres,tiny_shakespeare,102400,1,3,262
43,small,deepseekv4,tiny_shakespeare,512,0,0,258
43,small,deepseekv4,tiny_shakespeare,512,0,1,238
43,small,deepseekv4,tiny_shakespeare,512,0,2,205
43,small,deepseekv4,tiny_shakespeare,512,0,3,323
43,small,deepseekv4,tiny_shakespeare,512,1,0,368
43,small,deepseekv4,tiny_shakespeare,512,1,1,157
43,small,deepseekv4,tiny_shakespeare,512,1,2,206
43,small,deepseekv4,tiny_shakespeare,512,1,3,293
43,small,deepseekv4,tiny_shakespeare,10240,0,0,268
43,small,deepseekv4,tiny_shakespeare,10240,0,1,247
43,small,deepseekv4,tiny_shakespeare,10240,0,2,202
43,small,deepseekv4,tiny_shakespeare,10240,0,3,307
43,small,deepseekv4,tiny_shakespeare,10240,1,0,273
43,small,deepseekv4,tiny_shakespeare,10240,1,1,181
43,small,deepseekv4,tiny_shakespeare,10240,1,2,264
43,small,deepseekv4,tiny_shakespeare,10240,1,3,306
43,small,deepseekv4,tiny_shakespeare,20480,0,0,247
43,small,deepseekv4,tiny_shakespeare,20480,0,1,263
43,small,deepseekv4,tiny_shakespeare,20480,0,2,194
43,small,deepseekv4,tiny_shakespeare,20480,0,3,320
43,small,deepseekv4,tiny_shakespeare,20480,1,0,285
43,small,deepseekv4,tiny_shakespeare,20480,1,1,303
43,small,deepseekv4,tiny_shakespeare,20480,1,2,234
43,small,deepseekv4,tiny_shakespeare,20480,1,3,202
43,small,deepseekv4,tiny_shakespeare,30720,0,0,266
43,small,deepseekv4,tiny_shakespeare,30720,0,1,239
43,small,deepseekv4,tiny_shakespeare,30720,0,2,202
43,small,deepseekv4,tiny_shakespeare,30720,0,3,317
43,small,deepseekv4,tiny_shakespeare,30720,1,0,252
43,small,deepseekv4,tiny_shakespeare,30720,1,1,299
43,small,deepseekv4,tiny_shakespeare,30720,1,2,254
43,small,deepseekv4,tiny_shakespeare,30720,1,3,219
43,small,deepseekv4,tiny_shakespeare,40960,0,0,272
43,small,deepseekv4,tiny_shakespeare,40960,0,1,248
43,small,deepseekv4,tiny_shakespeare,40960,0,2,186
43,small,deepseekv4,tiny_shakespeare,40960,0,3,318
43,small,deepseekv4,tiny_shakespeare,40960,1,0,291
43,small,deepseekv4,tiny_shakespeare,40960,1,1,296
43,small,deepseekv4,tiny_shakespeare,40960,1,2,224
43,small,deepseekv4,tiny_shakespeare,40960,1,3,213
43,small,deepseekv4,tiny_shakespeare,51200,0,0,279
43,small,deepseekv4,tiny_shakespeare,51200,0,1,236
43,small,deepseekv4,tiny_shakespeare,51200,0,2,208
43,small,deepseekv4,tiny_shakespeare,51200,0,3,301
43,small,deepseekv4,tiny_shakespeare,51200,1,0,277
43,small,deepseekv4,tiny_shakespeare,51200,1,1,304
43,small,deepseekv4,tiny_shakespeare,51200,1,2,199
43,small,deepseekv4,tiny_shakespeare,51200,1,3,244
43,small,deepseekv4,tiny_shakespeare,61440,0,0,253
43,small,deepseekv4,tiny_shakespeare,61440,0,1,262
43,small,deepseekv4,tiny_shakespeare,61440,0,2,209
43,small,deepseekv4,tiny_shakespeare,61440,0,3,300
43,small,deepseekv4,tiny_shakespeare,61440,1,0,275
43,small,deepseekv4,tiny_shakespeare,61440,1,1,213
43,small,deepseekv4,tiny_shakespeare,61440,1,2,247
43,small,deepseekv4,tiny_shakespeare,61440,1,3,289
43,small,deepseekv4,tiny_shakespeare,71680,0,0,258
43,small,deepseekv4,tiny_shakespeare,71680,0,1,239
43,small,deepseekv4,tiny_shakespeare,71680,0,2,199
43,small,deepseekv4,tiny_shakespeare,71680,0,3,328
43,small,deepseekv4,tiny_shakespeare,71680,1,0,248
43,small,deepseekv4,tiny_shakespeare,71680,1,1,295
43,small,deepseekv4,tiny_shakespeare,71680,1,2,186
43,small,deepseekv4,tiny_shakespeare,71680,1,3,295
43,small,deepseekv4,tiny_shakespeare,81920,0,0,269
43,small,deepseekv4,tiny_shakespeare,81920,0,1,248
43,small,deepseekv4,tiny_shakespeare,81920,0,2,213
43,small,deepseekv4,tiny_shakespeare,81920,0,3,294
43,small,deepseekv4,tiny_shakespeare,81920,1,0,297
43,small,deepseekv4,tiny_shakespeare,81920,1,1,279
43,small,deepseekv4,tiny_shakespeare,81920,1,2,205
43,small,deepseekv4,tiny_shakespeare,81920,1,3,243
43,small,deepseekv4,tiny_shakespeare,92160,0,0,239
43,small,deepseekv4,tiny_shakespeare,92160,0,1,270
43,small,deepseekv4,tiny_shakespeare,92160,0,2,205
43,small,deepseekv4,tiny_shakespeare,92160,0,3,310
43,small,deepseekv4,tiny_shakespeare,92160,1,0,272
43,small,deepseekv4,tiny_shakespeare,92160,1,1,227
43,small,deepseekv4,tiny_shakespeare,92160,1,2,221
43,small,deepseekv4,tiny_shakespeare,92160,1,3,304
43,small,deepseekv4,tiny_shakespeare,102400,0,0,285
43,small,deepseekv4,tiny_shakespeare,102400,0,1,248
43,small,deepseekv4,tiny_shakespeare,102400,0,2,211
43,small,deepseekv4,tiny_shakespeare,102400,0,3,280
43,small,deepseekv4,tiny_shakespeare,102400,1,0,258
43,small,deepseekv4,tiny_shakespeare,102400,1,1,202
43,small,deepseekv4,tiny_shakespeare,102400,1,2,319
43,small,deepseekv4,tiny_shakespeare,102400,1,3,245
43,small,deepseekv4_attnres,tiny_shakespeare,512,0,0,258
43,small,deepseekv4_attnres,tiny_shakespeare,512,0,1,238
43,small,deepseekv4_attnres,tiny_shakespeare,512,0,2,205
43,small,deepseekv4_attnres,tiny_shakespeare,512,0,3,323
43,small,deepseekv4_attnres,tiny_shakespeare,512,1,0,306
43,small,deepseekv4_attnres,tiny_shakespeare,512,1,1,179
43,small,deepseekv4_attnres,tiny_shakespeare,512,1,2,301
43,small,deepseekv4_attnres,tiny_shakespeare,512,1,3,238
43,small,deepseekv4_attnres,tiny_shakespeare,10240,0,0,268
43,small,deepseekv4_attnres,tiny_shakespeare,10240,0,1,247
43,small,deepseekv4_attnres,tiny_shakespeare,10240,0,2,202
43,small,deepseekv4_attnres,tiny_shakespeare,10240,0,3,307
43,small,deepseekv4_attnres,tiny_shakespeare,10240,1,0,317
43,small,deepseekv4_attnres,tiny_shakespeare,10240,1,1,126
43,small,deepseekv4_attnres,tiny_shakespeare,10240,1,2,298
43,small,deepseekv4_attnres,tiny_shakespeare,10240,1,3,283
43,small,deepseekv4_attnres,tiny_shakespeare,20480,0,0,247
43,small,deepseekv4_attnres,tiny_shakespeare,20480,0,1,263
43,small,deepseekv4_attnres,tiny_shakespeare,20480,0,2,194
43,small,deepseekv4_attnres,tiny_shakespeare,20480,0,3,320
43,small,deepseekv4_attnres,tiny_shakespeare,20480,1,0,295
43,small,deepseekv4_attnres,tiny_shakespeare,20480,1,1,247
43,small,deepseekv4_attnres,tiny_shakespeare,20480,1,2,253
43,small,deepseekv4_attnres,tiny_shakespeare,20480,1,3,229
43,small,deepseekv4_attnres,tiny_shakespeare,30720,0,0,266
43,small,deepseekv4_attnres,tiny_shakespeare,30720,0,1,239
43,small,deepseekv4_attnres,tiny_shakespeare,30720,0,2,202
43,small,deepseekv4_attnres,tiny_shakespeare,30720,0,3,317
43,small,deepseekv4_attnres,tiny_shakespeare,30720,1,0,318
43,small,deepseekv4_attnres,tiny_shakespeare,30720,1,1,221
43,small,deepseekv4_attnres,tiny_shakespeare,30720,1,2,220
43,small,deepseekv4_attnres,tiny_shakespeare,30720,1,3,265
43,small,deepseekv4_attnres,tiny_shakespeare,40960,0,0,272
43,small,deepseekv4_attnres,tiny_shakespeare,40960,0,1,248
43,small,deepseekv4_attnres,tiny_shakespeare,40960,0,2,186
43,small,deepseekv4_attnres,tiny_shakespeare,40960,0,3,318
43,small,deepseekv4_attnres,tiny_shakespeare,40960,1,0,302
43,small,deepseekv4_attnres,tiny_shakespeare,40960,1,1,277
43,small,deepseekv4_attnres,tiny_shakespeare,40960,1,2,241
43,small,deepseekv4_attnres,tiny_shakespeare,40960,1,3,204
43,small,deepseekv4_attnres,tiny_shakespeare,51200,0,0,279
43,small,deepseekv4_attnres,tiny_shakespeare,51200,0,1,236
43,small,deepseekv4_attnres,tiny_shakespeare,51200,0,2,208
43,small,deepseekv4_attnres,tiny_shakespeare,51200,0,3,301
43,small,deepseekv4_attnres,tiny_shakespeare,51200,1,0,242
43,small,deepseekv4_attnres,tiny_shakespeare,51200,1,1,285
43,small,deepseekv4_attnres,tiny_shakespeare,51200,1,2,258
43,small,deepseekv4_attnres,tiny_shakespeare,51200,1,3,239
43,small,deepseekv4_attnres,tiny_shakespeare,61440,0,0,253
43,small,deepseekv4_attnres,tiny_shakespeare,61440,0,1,262
43,small,deepseekv4_attnres,tiny_shakespeare,61440,0,2,209
43,small,deepseekv4_attnres,tiny_shakespeare,61440,0,3,300
43,small,deepseekv4_attnres,tiny_shakespeare,61440,1,0,219
43,small,deepseekv4_attnres,tiny_shakespeare,61440,1,1,293
43,small,deepseekv4_attnres,tiny_shakespeare,61440,1,2,221
43,small,deepseekv4_attnres,tiny_shakespeare,61440,1,3,291
43,small,deepseekv4_attnres,tiny_shakespeare,71680,0,0,258
43,small,deepseekv4_attnres,tiny_shakespeare,71680,0,1,239
43,small,deepseekv4_attnres,tiny_shakespeare,71680,0,2,199
43,small,deepseekv4_attnres,tiny_shakespeare,71680,0,3,328
43,small,deepseekv4_attnres,tiny_shakespeare,71680,1,0,284
43,small,deepseekv4_attnres,tiny_shakespeare,71680,1,1,296
43,small,deepseekv4_attnres,tiny_shakespeare,71680,1,2,224
43,small,deepseekv4_attnres,tiny_shakespeare,71680,1,3,220
43,small,deepseekv4_attnres,tiny_shakespeare,81920,0,0,269
43,small,deepseekv4_attnres,tiny_shakespeare,81920,0,1,248
43,small,deepseekv4_attnres,tiny_shakespeare,81920,0,2,213
43,small,deepseekv4_attnres,tiny_shakespeare,81920,0,3,294
43,small,deepseekv4_attnres,tiny_shakespeare,81920,1,0,253
43,small,deepseekv4_attnres,tiny_shakespeare,81920,1,1,267
43,small,deepseekv4_attnres,tiny_shakespeare,81920,1,2,231
43,small,deepseekv4_attnres,tiny_shakespeare,81920,1,3,273
43,small,deepseekv4_attnres,tiny_shakespeare,92160,0,0,239
43,small,deepseekv4_attnres,tiny_shakespeare,92160,0,1,270
43,small,deepseekv4_attnres,tiny_shakespeare,92160,0,2,205
43,small,deepseekv4_attnres,tiny_shakespeare,92160,0,3,310
43,small,deepseekv4_attnres,tiny_shakespeare,92160,1,0,276
43,small,deepseekv4_attnres,tiny_shakespeare,92160,1,1,281
43,small,deepseekv4_attnres,tiny_shakespeare,92160,1,2,232
43,small,deepseekv4_attnres,tiny_shakespeare,92160,1,3,235
43,small,deepseekv4_attnres,tiny_shakespeare,102400,0,0,285
43,small,deepseekv4_attnres,tiny_shakespeare,102400,0,1,248
43,small,deepseekv4_attnres,tiny_shakespeare,102400,0,2,211
43,small,deepseekv4_attnres,tiny_shakespeare,102400,0,3,280
43,small,deepseekv4_attnres,tiny_shakespeare,102400,1,0,269
43,small,deepseekv4_attnres,tiny_shakespeare,102400,1,1,240
43,small,deepseekv4_attnres,tiny_shakespeare,102400,1,2,244
43,small,deepseekv4_attnres,tiny_shakespeare,102400,1,3,271
44,small,deepseekv4,tiny_shakespeare,512,0,0,269
44,small,deepseekv4,tiny_shakespeare,512,0,1,260
44,small,deepseekv4,tiny_shakespeare,512,0,2,180
44,small,deepseekv4,tiny_shakespeare,512,0,3,315
44,small,deepseekv4,tiny_shakespeare,512,1,0,332
44,small,deepseekv4,tiny_shakespeare,512,1,1,318
44,small,deepseekv4,tiny_shakespeare,512,1,2,226
44,small,deepseekv4,tiny_shakespeare,512,1,3,148
44,small,deepseekv4,tiny_shakespeare,10240,0,0,261
44,small,deepseekv4,tiny_shakespeare,10240,0,1,247
44,small,deepseekv4,tiny_shakespeare,10240,0,2,211
44,small,deepseekv4,tiny_shakespeare,10240,0,3,305
44,small,deepseekv4,tiny_shakespeare,10240,1,0,315
44,small,deepseekv4,tiny_shakespeare,10240,1,1,139
44,small,deepseekv4,tiny_shakespeare,10240,1,2,355
44,small,deepseekv4,tiny_shakespeare,10240,1,3,215
44,small,deepseekv4,tiny_shakespeare,20480,0,0,269
44,small,deepseekv4,tiny_shakespeare,20480,0,1,257
44,small,deepseekv4,tiny_shakespeare,20480,0,2,206
44,small,deepseekv4,tiny_shakespeare,20480,0,3,292
44,small,deepseekv4,tiny_shakespeare,20480,1,0,187
44,small,deepseekv4,tiny_shakespeare,20480,1,1,230
44,small,deepseekv4,tiny_shakespeare,20480,1,2,344
44,small,deepseekv4,tiny_shakespeare,20480,1,3,263
44,small,deepseekv4,tiny_shakespeare,30720,0,0,253
44,small,deepseekv4,tiny_shakespeare,30720,0,1,256
44,small,deepseekv4,tiny_shakespeare,30720,0,2,188
44,small,deepseekv4,tiny_shakespeare,30720,0,3,327
44,small,deepseekv4,tiny_shakespeare,30720,1,0,258
44,small,deepseekv4,tiny_shakespeare,30720,1,1,200
44,small,deepseekv4,tiny_shakespeare,30720,1,2,287
44,small,deepseekv4,tiny_shakespeare,30720,1,3,279
44,small,deepseekv4,tiny_shakespeare,40960,0,0,267
44,small,deepseekv4,tiny_shakespeare,40960,0,1,235
44,small,deepseekv4,tiny_shakespeare,40960,0,2,210
44,small,deepseekv4,tiny_shakespeare,40960,0,3,312
44,small,deepseekv4,tiny_shakespeare,40960,1,0,293
44,small,deepseekv4,tiny_shakespeare,40960,1,1,204
44,small,deepseekv4,tiny_shakespeare,40960,1,2,291
44,small,deepseekv4,tiny_shakespeare,40960,1,3,236
44,small,deepseekv4,tiny_shakespeare,51200,0,0,246
44,small,deepseekv4,tiny_shakespeare,51200,0,1,247
44,small,deepseekv4,tiny_shakespeare,51200,0,2,205
44,small,deepseekv4,tiny_shakespeare,51200,0,3,326
44,small,deepseekv4,tiny_shakespeare,51200,1,0,237
44,small,deepseekv4,tiny_shakespeare,51200,1,1,303
44,small,deepseekv4,tiny_shakespeare,51200,1,2,265
44,small,deepseekv4,tiny_shakespeare,51200,1,3,219
44,small,deepseekv4,tiny_shakespeare,61440,0,0,253
44,small,deepseekv4,tiny_shakespeare,61440,0,1,258
44,small,deepseekv4,tiny_shakespeare,61440,0,2,201
44,small,deepseekv4,tiny_shakespeare,61440,0,3,312
44,small,deepseekv4,tiny_shakespeare,61440,1,0,229
44,small,deepseekv4,tiny_shakespeare,61440,1,1,221
44,small,deepseekv4,tiny_shakespeare,61440,1,2,257
44,small,deepseekv4,tiny_shakespeare,61440,1,3,317
44,small,deepseekv4,tiny_shakespeare,71680,0,0,258
44,small,deepseekv4,tiny_shakespeare,71680,0,1,250
44,small,deepseekv4,tiny_shakespeare,71680,0,2,196
44,small,deepseekv4,tiny_shakespeare,71680,0,3,320
44,small,deepseekv4,tiny_shakespeare,71680,1,0,198
44,small,deepseekv4,tiny_shakespeare,71680,1,1,306
44,small,deepseekv4,tiny_shakespeare,71680,1,2,255
44,small,deepseekv4,tiny_shakespeare,71680,1,3,265
44,small,deepseekv4,tiny_shakespeare,81920,0,0,260
44,small,deepseekv4,tiny_shakespeare,81920,0,1,246
44,small,deepseekv4,tiny_shakespeare,81920,0,2,202
44,small,deepseekv4,tiny_shakespeare,81920,0,3,316
44,small,deepseekv4,tiny_shakespeare,81920,1,0,281
44,small,deepseekv4,tiny_shakespeare,81920,1,1,224
44,small,deepseekv4,tiny_shakespeare,81920,1,2,243
44,small,deepseekv4,tiny_shakespeare,81920,1,3,276
44,small,deepseekv4,tiny_shakespeare,92160,0,0,264
44,small,deepseekv4,tiny_shakespeare,92160,0,1,238
44,small,deepseekv4,tiny_shakespeare,92160,0,2,204
44,small,deepseekv4,tiny_shakespeare,92160,0,3,318
44,small,deepseekv4,tiny_shakespeare,92160,1,0,293
44,small,deepseekv4,tiny_shakespeare,92160,1,1,235
44,small,deepseekv4,tiny_shakespeare,92160,1,2,244
44,small,deepseekv4,tiny_shakespeare,92160,1,3,252
44,small,deepseekv4,tiny_shakespeare,102400,0,0,248
44,small,deepseekv4,tiny_shakespeare,102400,0,1,256
44,small,deepseekv4,tiny_shakespeare,102400,0,2,220
44,small,deepseekv4,tiny_shakespeare,102400,0,3,300
44,small,deepseekv4,tiny_shakespeare,102400,1,0,255
44,small,deepseekv4,tiny_shakespeare,102400,1,1,257
44,small,deepseekv4,tiny_shakespeare,102400,1,2,246
44,small,deepseekv4,tiny_shakespeare,102400,1,3,266
44,small,deepseekv4_attnres,tiny_shakespeare,512,0,0,269
44,small,deepseekv4_attnres,tiny_shakespeare,512,0,1,260
44,small,deepseekv4_attnres,tiny_shakespeare,512,0,2,180
44,small,deepseekv4_attnres,tiny_shakespeare,512,0,3,315
44,small,deepseekv4_attnres,tiny_shakespeare,512,1,0,311
44,small,deepseekv4_attnres,tiny_shakespeare,512,1,1,158
44,small,deepseekv4_attnres,tiny_shakespeare,512,1,2,280
44,small,deepseekv4_attnres,tiny_shakespeare,512,1,3,275
44,small,deepseekv4_attnres,tiny_shakespeare,10240,0,0,261
44,small,deepseekv4_attnres,tiny_shakespeare,10240,0,1,247
44,small,deepseekv4_attnres,tiny_shakespeare,10240,0,2,211
44,small,deepseekv4_attnres,tiny_shakespeare,10240,0,3,305
44,small,deepseekv4_attnres,tiny_shakespeare,10240,1,0,344
44,small,deepseekv4_attnres,tiny_shakespeare,10240,1,1,188
44,small,deepseekv4_attnres,tiny_shakespeare,10240,1,2,190
44,small,deepseekv4_attnres,tiny_shakespeare,10240,1,3,302
44,small,deepseekv4_attnres,tiny_shakespeare,20480,0,0,269
44,small,deepseekv4_attnres,tiny_shakespeare,20480,0,1,257
44,small,deepseekv4_attnres,tiny_shakespeare,20480,0,2,206
44,small,deepseekv4_attnres,tiny_shakespeare,20480,0,3,292
44,small,deepseekv4_attnres,tiny_shakespeare,20480,1,0,333
44,small,deepseekv4_attnres,tiny_shakespeare,20480,1,1,217
44,small,deepseekv4_attnres,tiny_shakespeare,20480,1,2,237
44,small,deepseekv4_attnres,tiny_shakespeare,20480,1,3,237
44,small,deepseekv4_attnres,tiny_shakespeare,30720,0,0,253
44,small,deepseekv4_attnres,tiny_shakespeare,30720,0,1,256
44,small,deepseekv4_attnres,tiny_shakespeare,30720,0,2,188
44,small,deepseekv4_attnres,tiny_shakespeare,30720,0,3,327
44,small,deepseekv4_attnres,tiny_shakespeare,30720,1,0,277
44,small,deepseekv4_attnres,tiny_shakespeare,30720,1,1,242
44,small,deepseekv4_attnres,tiny_shakespeare,30720,1,2,275
44,small,deepseekv4_attnres,tiny_shakespeare,30720,1,3,230
44,small,deepseekv4_attnres,tiny_shakespeare,40960,0,0,267
44,small,deepseekv4_attnres,tiny_shakespeare,40960,0,1,235
44,small,deepseekv4_attnres,tiny_shakespeare,40960,0,2,210
44,small,deepseekv4_attnres,tiny_shakespeare,40960,0,3,312
44,small,deepseekv4_attnres,tiny_shakespeare,40960,1,0,250
44,small,deepseekv4_attnres,tiny_shakespeare,40960,1,1,264
44,small,deepseekv4_attnres,tiny_shakespeare,40960,1,2,253
44,small,deepseekv4_attnres,tiny_shakespeare,40960,1,3,257
44,small,deepseekv4_attnres,tiny_shakespeare,51200,0,0,246
44,small,deepseekv4_attnres,tiny_shakespeare,51200,0,1,247
44,small,deepseekv4_attnres,tiny_shakespeare,51200,0,2,205
44,small,deepseekv4_attnres,tiny_shakespeare,51200,0,3,326
44,small,deepseekv4_attnres,tiny_shakespeare,51200,1,0,224
44,small,deepseekv4_attnres,tiny_shakespeare,51200,1,1,281
44,small,deepseekv4_attnres,tiny_shakespeare,51200,1,2,278
44,small,deepseekv4_attnres,tiny_shakespeare,51200,1,3,241
44,small,deepseekv4_attnres,tiny_shakespeare,61440,0,0,253
44,small,deepseekv4_attnres,tiny_shakespeare,61440,0,1,258
44,small,deepseekv4_attnres,tiny_shakespeare,61440,0,2,201
44,small,deepseekv4_attnres,tiny_shakespeare,61440,0,3,312
44,small,deepseekv4_attnres,tiny_shakespeare,61440,1,0,231
44,small,deepseekv4_attnres,tiny_shakespeare,61440,1,1,282
44,small,deepseekv4_attnres,tiny_shakespeare,61440,1,2,265
44,small,deepseekv4_attnres,tiny_shakespeare,61440,1,3,246
44,small,deepseekv4_attnres,tiny_shakespeare,71680,0,0,258
44,small,deepseekv4_attnres,tiny_shakespeare,71680,0,1,250
44,small,deepseekv4_attnres,tiny_shakespeare,71680,0,2,196
44,small,deepseekv4_attnres,tiny_shakespeare,71680,0,3,320
44,small,deepseekv4_attnres,tiny_shakespeare,71680,1,0,322
44,small,deepseekv4_attnres,tiny_shakespeare,71680,1,1,216
44,small,deepseekv4_attnres,tiny_shakespeare,71680,1,2,243
44,small,deepseekv4_attnres,tiny_shakespeare,71680,1,3,243
44,small,deepseekv4_attnres,tiny_shakespeare,81920,0,0,260
44,small,deepseekv4_attnres,tiny_shakespeare,81920,0,1,246
44,small,deepseekv4_attnres,tiny_shakespeare,81920,0,2,202
44,small,deepseekv4_attnres,tiny_shakespeare,81920,0,3,316
44,small,deepseekv4_attnres,tiny_shakespeare,81920,1,0,259
44,small,deepseekv4_attnres,tiny_shakespeare,81920,1,1,275
44,small,deepseekv4_attnres,tiny_shakespeare,81920,1,2,254
44,small,deepseekv4_attnres,tiny_shakespeare,81920,1,3,236
44,small,deepseekv4_attnres,tiny_shakespeare,92160,0,0,264
44,small,deepseekv4_attnres,tiny_shakespeare,92160,0,1,238
44,small,deepseekv4_attnres,tiny_shakespeare,92160,0,2,204
44,small,deepseekv4_attnres,tiny_shakespeare,92160,0,3,318
44,small,deepseekv4_attnres,tiny_shakespeare,92160,1,0,238
44,small,deepseekv4_attnres,tiny_shakespeare,92160,1,1,288
44,small,deepseekv4_attnres,tiny_shakespeare,92160,1,2,269
44,small,deepseekv4_attnres,tiny_shakespeare,92160,1,3,229
44,small,deepseekv4_attnres,tiny_shakespeare,102400,0,0,248
44,small,deepseekv4_attnres,tiny_shakespeare,102400,0,1,256
44,small,deepseekv4_attnres,tiny_shakespeare,102400,0,2,220
44,small,deepseekv4_attnres,tiny_shakespeare,102400,0,3,300
44,small,deepseekv4_attnres,tiny_shakespeare,102400,1,0,241
44,small,deepseekv4_attnres,tiny_shakespeare,102400,1,1,269
44,small,deepseekv4_attnres,tiny_shakespeare,102400,1,2,268
44,small,deepseekv4_attnres,tiny_shakespeare,102400,1,3,246
