seed,config,model,dataset,split,tokens_trained,loss,ppl,bits_per_byte
42,medium,deepseekv4_attnmhc,tiny_shakespeare,validation,2048,5.510624170303345,247.30543961522247,7.950150162699495
42,medium,deepseekv4_attnmhc,tiny_shakespeare,validation,204800,2.327838897705078,10.255753833588804,3.3583616337075473
42,medium,deepseekv4_attnmhc,tiny_shakespeare,validation,409600,2.0278321653604507,7.597598156927653,2.925543408720651
42,medium,deepseekv4_attnmhc,tiny_shakespeare,validation,614400,1.8480277359485626,6.347288640349985,2.66614045007825
42,medium,deepseekv4_attnmhc,tiny_shakespeare,validation,819200,1.730116680264473,5.641312099816383,2.4960307547768315
42,medium,deepseekv4_attnmhc,tiny_shakespeare,validation,1024000,1.6796664744615555,5.363766719574781,2.423246493053135
42,medium,deepseekv4_attnmhc,tiny_shakespeare,validation,1228800,1.6299175471067429,5.103453906648178,2.3514739622688015
42,medium,deepseekv4_attnmhc,tiny_shakespeare,validation,1433600,1.5810829401016235,4.860216285452167,2.2810205169187543
42,medium,deepseekv4_attnmhc,tiny_shakespeare,validation,1638400,1.539800450205803,4.663659545825633,2.2214624734705053
42,medium,deepseekv4_attnmhc,tiny_shakespeare,validation,1843200,1.574311301112175,4.827415837092813,2.2712511069299866
42,medium,deepseekv4_attnmhc,tiny_shakespeare,validation,2048000,1.5073521733283997,4.514760650208867,2.1746495053340835
42,medium,deepseekv4_attnmhc_swa,tiny_shakespeare,validation,2048,5.506134569644928,246.19762563269367,7.943673038094024
42,medium,deepseekv4_attnmhc_swa,tiny_shakespeare,validation,204800,2.3680496215820312,10.676548654161968,3.416373445635383
42,medium,deepseekv4_attnmhc_swa,tiny_shakespeare,validation,409600,2.052711308002472,7.788990856223007,2.961436424431864
42,medium,deepseekv4_attnmhc_swa,tiny_shakespeare,validation,614400,1.8809391558170319,6.559662515449766,2.7136215923111053
42,medium,deepseekv4_attnmhc_swa,tiny_shakespeare,validation,819200,1.7502329647541046,5.755943451773801,2.5250524186511347
42,medium,deepseekv4_attnmhc_swa,tiny_shakespeare,validation,1024000,1.7166939973831177,5.566096483435477,2.476665916748475
42,medium,deepseekv4_attnmhc_swa,tiny_shakespeare,validation,1228800,1.6690481007099152,5.307113554372932,2.4079274178993377
42,medium,deepseekv4_attnmhc_swa,tiny_shakespeare,validation,1433600,1.6041294783353806,4.9735281536957165,2.3142696433382532
42,medium,deepseekv4_attnmhc_swa,tiny_shakespeare,validation,1638400,1.5634664446115494,4.775346060030988,2.2556052862373814
42,medium,deepseekv4_attnmhc_swa,tiny_shakespeare,validation,1843200,1.5986241549253464,4.946222504900745,2.306327140556107
42,medium,deepseekv4_attnmhc_swa,tiny_shakespeare,validation,2048000,1.532535433769226,4.62990076012069,2.2109812702854788
42,medium,deepseekv4_attnmhc_hca,tiny_shakespeare,validation,2048,5.508668899536133,246.82236294531938,7.947329303260043
42,medium,deepseekv4_attnmhc_hca,tiny_shakespeare,validation,204800,2.3688474595546722,10.685070209053016,3.4175244825219453
42,medium,deepseekv4_attnmhc_hca,tiny_shakespeare,validation,409600,2.065744310617447,7.891169193364667,2.980239072672381
42,medium,deepseekv4_attnmhc_hca,tiny_shakespeare,validation,614400,1.8874085247516632,6.602236958751366,2.722954918790779
42,medium,deepseekv4_attnmhc_hca,tiny_shakespeare,validation,819200,1.7651715725660324,5.84257469762966,2.546604274059188
42,medium,deepseekv4_attnmhc_hca,tiny_shakespeare,validation,1024000,1.741970807313919,5.708582860504537,2.5131326450851352
42,medium,deepseekv4_attnmhc_hca,tiny_shakespeare,validation,1228800,1.6759908944368362,5.34408795335789,2.417943751979082
42,medium,deepseekv4_attnmhc_hca,tiny_shakespeare,validation,1433600,1.6075091809034348,4.990365636383771,2.319145523472865
42,medium,deepseekv4_attnmhc_hca,tiny_shakespeare,validation,1638400,1.572589933872223,4.819113229585625,2.268767698949359
42,medium,deepseekv4_attnmhc_hca,tiny_shakespeare,validation,1843200,1.5992882698774338,4.949508456226532,2.307285255904064
42,medium,deepseekv4_attnmhc_hca,tiny_shakespeare,validation,2048000,1.5409207344055176,4.66888709755274,2.2230787019298197
43,medium,deepseekv4_attnmhc,tiny_shakespeare,validation,2048,5.507662296295166,246.57403575927881,7.945877081756157
43,medium,deepseekv4_attnmhc,tiny_shakespeare,validation,204800,2.3295243084430695,10.273053565708121,3.3607931674211082
43,medium,deepseekv4_attnmhc,tiny_shakespeare,validation,409600,2.0113648623228073,7.473510702650632,2.901786112291427
43,medium,deepseekv4_attnmhc,tiny_shakespeare,validation,614400,1.854520246386528,6.38863254573924,2.6755071626900224
43,medium,deepseekv4_attnmhc,tiny_shakespeare,validation,819200,1.7834764122962952,5.950506918388179,2.5730125755623052
43,medium,deepseekv4_attnmhc,tiny_shakespeare,validation,1024000,1.7042789310216904,5.497420218521987,2.4587547620765364
43,medium,deepseekv4_attnmhc,tiny_shakespeare,validation,1228800,1.674752727150917,5.337475173189819,2.4161574541758952
43,medium,deepseekv4_attnmhc,tiny_shakespeare,validation,1433600,1.640533298254013,5.157919488348251,2.3667892538042796
43,medium,deepseekv4_attnmhc,tiny_shakespeare,validation,1638400,1.5867215543985367,4.887698578696978,2.2891553178023964
43,medium,deepseekv4_attnmhc,tiny_shakespeare,validation,1843200,1.5565660744905472,4.742507833020689,2.245650156483513
43,medium,deepseekv4_attnmhc,tiny_shakespeare,validation,2048000,1.48296520113945,4.405990979866703,2.1394665414947887
43,medium,deepseekv4_attnmhc_swa,tiny_shakespeare,validation,2048,5.5065271854400635,246.29430568705823,7.944239462954641
43,medium,deepseekv4_attnmhc_swa,tiny_shakespeare,validation,204800,2.3660245835781097,10.654950113700108,3.413451933349514
43,medium,deepseekv4_attnmhc_swa,tiny_shakespeare,validation,409600,2.0509525537490845,7.775303974883456,2.9588990783923594
43,medium,deepseekv4_attnmhc_swa,tiny_shakespeare,validation,614400,1.8869429677724838,6.599163956641317,2.7222832620456656
43,medium,deepseekv4_attnmhc_swa,tiny_shakespeare,validation,819200,1.8280987590551376,6.222045797695395,2.637389013944115
43,medium,deepseekv4_attnmhc_swa,tiny_shakespeare,validation,1024000,1.742738351225853,5.712966130485791,2.5142399768805466
43,medium,deepseekv4_attnmhc_swa,tiny_shakespeare,validation,1228800,1.7186522632837296,5.5770070597966654,2.47949109725203
43,medium,deepseekv4_attnmhc_swa,tiny_shakespeare,validation,1433600,1.689505711197853,5.416802578443752,2.437441511098724
43,medium,deepseekv4_attnmhc_swa,tiny_shakespeare,validation,1638400,1.623191386461258,5.069242440713786,2.3417701636613377
43,medium,deepseekv4_attnmhc_swa,tiny_shakespeare,validation,1843200,1.5905946791172028,4.9066659526710685,2.2947430556267605
43,medium,deepseekv4_attnmhc_swa,tiny_shakespeare,validation,2048000,1.4991632103919983,4.477940408137237,2.1628353291157136
43,medium,deepseekv4_attnmhc_hca,tiny_shakespeare,validation,2048,5.502851963043213,245.39078068325742,7.938937237828541
43,medium,deepseekv4_attnmhc_hca,tiny_shakespeare,validation,204800,2.361112654209137,10.60274207737393,3.4063655172077
43,medium,deepseekv4_attnmhc_hca,tiny_shakespeare,validation,409600,2.0495895445346832,7.764713383097608,2.956932671758057
43,medium,deepseekv4_attnmhc_hca,tiny_shakespeare,validation,614400,1.8856693357229233,6.59076440003352,2.7204457994038473
43,medium,deepseekv4_attnmhc_hca,tiny_shakespeare,validation,819200,1.8416431993246078,6.306893233756683,2.6569295107524966
43,medium,deepseekv4_attnmhc_hca,tiny_shakespeare,validation,1024000,1.7469590604305267,5.737129857379161,2.520329173119164
43,medium,deepseekv4_attnmhc_hca,tiny_shakespeare,validation,1228800,1.7270368486642838,5.623964536044709,2.4915874970004652
43,medium,deepseekv4_attnmhc_hca,tiny_shakespeare,validation,1433600,1.7010984867811203,5.479963754420022,2.454166350942842
43,medium,deepseekv4_attnmhc_hca,tiny_shakespeare,validation,1638400,1.625702515244484,5.08198795743524,2.3453929567039316
43,medium,deepseekv4_attnmhc_hca,tiny_shakespeare,validation,1843200,1.593876600265503,4.922795697225874,2.2994778669920017
43,medium,deepseekv4_attnmhc_hca,tiny_shakespeare,validation,2048000,1.5124187469482422,4.537693062740752,2.181959025969729
44,medium,deepseekv4_attnmhc,tiny_shakespeare,validation,2048,5.508854985237122,246.86829733148144,7.947597768178039
44,medium,deepseekv4_attnmhc,tiny_shakespeare,validation,204800,2.3487547636032104,10.472520837825872,3.3885368497146815
44,medium,deepseekv4_attnmhc,tiny_shakespeare,validation,409600,1.997393175959587,7.369819214336347,2.881629229662353
44,medium,deepseekv4_attnmhc,tiny_shakespeare,validation,614400,1.831717774271965,6.244604271225339,2.6426101492503338
44,medium,deepseekv4_attnmhc,tiny_shakespeare,validation,819200,1.7649221569299698,5.841117649858009,2.5462444433579203
44,medium,deepseekv4_attnmhc,tiny_shakespeare,validation,1024000,1.7027837634086609,5.489206795608116,2.4565976911759213
44,medium,deepseekv4_attnmhc,tiny_shakespeare,validation,1228800,1.6123170256614685,5.014416309271781,2.3260817772626443
44,medium,deepseekv4_attnmhc,tiny_shakespeare,validation,1433600,1.5679046958684921,4.796587347902861,2.262008329315992
44,medium,deepseekv4_attnmhc,tiny_shakespeare,validation,1638400,1.6129199862480164,5.017440716378327,2.3269516655107085
44,medium,deepseekv4_attnmhc,tiny_shakespeare,validation,1843200,1.5223556905984879,4.583008639290831,2.1962950052955317
44,medium,deepseekv4_attnmhc,tiny_shakespeare,validation,2048000,1.5322296470403671,4.6284852143508965,2.2105401132881846
44,medium,deepseekv4_attnmhc_swa,tiny_shakespeare,validation,2048,5.507254779338837,246.47357313021908,7.945289159064182
44,medium,deepseekv4_attnmhc_swa,tiny_shakespeare,validation,204800,2.3832534551620483,10.840113377784858,3.438307940943775
44,medium,deepseekv4_attnmhc_swa,tiny_shakespeare,validation,409600,2.0355264246463776,7.656281520091051,2.9366438784357713
44,medium,deepseekv4_attnmhc_swa,tiny_shakespeare,validation,614400,1.8804958313703537,6.556755101206232,2.7129820103303777
44,medium,deepseekv4_attnmhc_swa,tiny_shakespeare,validation,819200,1.794859379529953,6.018628319954542,2.589434725940905
44,medium,deepseekv4_attnmhc_swa,tiny_shakespeare,validation,1024000,1.7229814529418945,5.601203318389407,2.4857367977029323
44,medium,deepseekv4_attnmhc_swa,tiny_shakespeare,validation,1228800,1.6514233350753784,5.21439638107322,2.3825002559215616
44,medium,deepseekv4_attnmhc_swa,tiny_shakespeare,validation,1433600,1.5954841077327728,4.9307154919281215,2.301797010043224
44,medium,deepseekv4_attnmhc_swa,tiny_shakespeare,validation,1638400,1.6339106410741806,5.123873218639865,2.3572347791334276
44,medium,deepseekv4_attnmhc_swa,tiny_shakespeare,validation,1843200,1.5546429306268692,4.733396072604543,2.242875646368469
44,medium,deepseekv4_attnmhc_swa,tiny_shakespeare,validation,2048000,1.5656073987483978,4.785580809087856,2.2586940301533835
44,medium,deepseekv4_attnmhc_hca,tiny_shakespeare,validation,2048,5.50635027885437,246.25073845614207,7.943984240700761
44,medium,deepseekv4_attnmhc_hca,tiny_shakespeare,validation,204800,2.3751667141914368,10.752805681959897,3.4266412398485198
44,medium,deepseekv4_attnmhc_hca,tiny_shakespeare,validation,409600,2.023316115140915,7.563364381011043,2.919028125464521
44,medium,deepseekv4_attnmhc_hca,tiny_shakespeare,validation,614400,1.8757596909999847,6.525774810086469,2.7061492041050923
44,medium,deepseekv4_attnmhc_hca,tiny_shakespeare,validation,819200,1.7839261293411255,5.953183564596359,2.5736613801126853
44,medium,deepseekv4_attnmhc_hca,tiny_shakespeare,validation,1024000,1.73624849319458,5.676009841606677,2.504877090882756
44,medium,deepseekv4_attnmhc_hca,tiny_shakespeare,validation,1228800,1.6321589648723602,5.114905708241875,2.354707644563818
44,medium,deepseekv4_attnmhc_hca,tiny_shakespeare,validation,1433600,1.5957896411418915,4.932222220407988,2.3022378015773857
44,medium,deepseekv4_attnmhc_hca,tiny_shakespeare,validation,1638400,1.6301426440477371,5.104602807813287,2.351798708509293
44,medium,deepseekv4_attnmhc_hca,tiny_shakespeare,validation,1843200,1.5568102449178696,4.74366595456862,2.246002419948143
44,medium,deepseekv4_attnmhc_hca,tiny_shakespeare,validation,2048000,1.5589166432619095,4.7536685356917765,2.2490413103932263
42,medium,deepseekv4_attnmhc,wikitext2,validation,2048,5.51024717092514,247.2122231906321,7.949606267566141
42,medium,deepseekv4_attnmhc,wikitext2,validation,204800,2.4167102575302124,11.2089241208333,3.486575903804327
42,medium,deepseekv4_attnmhc,wikitext2,validation,409600,2.058736726641655,7.836064463584306,2.970129266021893
42,medium,deepseekv4_attnmhc,wikitext2,validation,614400,1.9539615213871002,7.056587102552411,2.8189705969930237
42,medium,deepseekv4_attnmhc,wikitext2,validation,819200,1.848412275314331,6.349729892046702,2.666695223114271
42,medium,deepseekv4_attnmhc,wikitext2,validation,1024000,1.7575038224458694,5.797946611951061,2.5355420489860534
42,medium,deepseekv4_attnmhc,wikitext2,validation,1228800,1.7146308720111847,5.554624766422189,2.4736894560056553
42,medium,deepseekv4_attnmhc,wikitext2,validation,1433600,1.7349123060703278,5.668430695045865,2.5029493803448974
42,medium,deepseekv4_attnmhc,wikitext2,validation,1638400,1.7149809300899506,5.556569548069593,2.4741944830599136
42,medium,deepseekv4_attnmhc,wikitext2,validation,1843200,1.6541309356689453,5.22853401470528,2.3864064978706083
42,medium,deepseekv4_attnmhc,wikitext2,validation,2048000,1.6753685474395752,5.340763110977169,2.4170458950524214
42,medium,deepseekv4_attnmhc_swa,wikitext2,validation,2048,5.505995452404022,246.16337768059364,7.943472334340468
42,medium,deepseekv4_attnmhc_swa,wikitext2,validation,204800,2.442845642566681,11.505735412511136,3.524281294188164
42,medium,deepseekv4_attnmhc_swa,wikitext2,validation,409600,2.0886503159999847,8.074010444284763,3.0132854530443445
42,medium,deepseekv4_attnmhc_swa,wikitext2,validation,614400,1.9909649193286896,7.322596068966641,2.8723552156993954
42,medium,deepseekv4_attnmhc_swa,wikitext2,validation,819200,1.8757718354463577,6.5258540624899295,2.706166724837649
42,medium,deepseekv4_attnmhc_swa,wikitext2,validation,1024000,1.795249566435814,6.020977168131332,2.5899976466550103
42,medium,deepseekv4_attnmhc_swa,wikitext2,validation,1228800,1.7335986644029617,5.66098929703163,2.5010541960258834
42,medium,deepseekv4_attnmhc_swa,wikitext2,validation,1433600,1.7384682297706604,5.688623082114905,2.5080794938331468
42,medium,deepseekv4_attnmhc_swa,wikitext2,validation,1638400,1.7175524085760117,5.57087653428864,2.4779043423195066
42,medium,deepseekv4_attnmhc_swa,wikitext2,validation,1843200,1.6555156856775284,5.235779242483888,2.388404269840862
42,medium,deepseekv4_attnmhc_swa,wikitext2,validation,2048000,1.6824486702680588,5.378710547537257,2.427260353145959
42,medium,deepseekv4_attnmhc_hca,wikitext2,validation,2048,5.507342219352722,246.49512572514186,7.94541530833859
42,medium,deepseekv4_attnmhc_hca,wikitext2,validation,204800,2.4351973831653595,11.418072226195186,3.513247188278445
42,medium,deepseekv4_attnmhc_hca,wikitext2,validation,409600,2.077473670244217,7.98427250843117,2.9971609616387256
42,medium,deepseekv4_attnmhc_hca,wikitext2,validation,614400,1.9811012148857117,7.2507231947059765,2.858124898214717
42,medium,deepseekv4_attnmhc_hca,wikitext2,validation,819200,1.8735569268465042,6.511415887726846,2.702971287184618
42,medium,deepseekv4_attnmhc_hca,wikitext2,validation,1024000,1.7787981480360031,5.922733889978088,2.566263266914014
42,medium,deepseekv4_attnmhc_hca,wikitext2,validation,1228800,1.7382988035678864,5.687659361949119,2.507835063490608
42,medium,deepseekv4_attnmhc_hca,wikitext2,validation,1433600,1.7474633008241653,5.740023479476063,2.5210566382344823
42,medium,deepseekv4_attnmhc_hca,wikitext2,validation,1638400,1.7157298475503922,5.560732518690417,2.475274942566128
42,medium,deepseekv4_attnmhc_hca,wikitext2,validation,1843200,1.6623165905475616,5.271508637426744,2.398215901570417
42,medium,deepseekv4_attnmhc_hca,wikitext2,validation,2048000,1.679770976305008,5.364327272373716,2.4233972573444476
43,medium,deepseekv4_attnmhc,wikitext2,validation,2048,5.506913125514984,246.38937887494416,7.94479625678681
43,medium,deepseekv4_attnmhc,wikitext2,validation,204800,2.4076327979564667,11.107635980275102,3.473479897893414
43,medium,deepseekv4_attnmhc,wikitext2,validation,409600,2.050103470683098,7.768704897924194,2.9576741104637576
43,medium,deepseekv4_attnmhc,wikitext2,validation,614400,1.8948970139026642,6.651863319913048,2.733758524952679
43,medium,deepseekv4_attnmhc,wikitext2,validation,819200,1.8611736744642258,6.4312805733605405,2.6851060303826286
43,medium,deepseekv4_attnmhc,wikitext2,validation,1024000,1.8121984750032425,6.123895875785802,2.6144497529937203
43,medium,deepseekv4_attnmhc,wikitext2,validation,1228800,1.7401528507471085,5.698214332428588,2.510509888161646
43,medium,deepseekv4_attnmhc,wikitext2,validation,1433600,1.691805973649025,5.429276987727605,2.440760088329773
43,medium,deepseekv4_attnmhc,wikitext2,validation,1638400,1.6517766118049622,5.21623883140173,2.3830099265073934
43,medium,deepseekv4_attnmhc,wikitext2,validation,1843200,1.706102505326271,5.507454318957191,2.4613856236824474
43,medium,deepseekv4_attnmhc,wikitext2,validation,2048000,1.615149587392807,5.028640088370338,2.3301683000254583
43,medium,deepseekv4_attnmhc_swa,wikitext2,validation,2048,5.505453646183014,246.03004095577717,7.942690673192296
43,medium,deepseekv4_attnmhc_swa,wikitext2,validation,204800,2.4390185177326202,11.461785680978158,3.5187599201692015
43,medium,deepseekv4_attnmhc_swa,wikitext2,validation,409600,2.102861613035202,8.189571798438454,3.0337880208016523
43,medium,deepseekv4_attnmhc_swa,wikitext2,validation,614400,1.944749116897583,6.991877491055357,2.805679906721334
43,medium,deepseekv4_attnmhc_swa,wikitext2,validation,819200,1.90275938808918,6.704368897141777,2.745101533201179
43,medium,deepseekv4_attnmhc_swa,wikitext2,validation,1024000,1.8521505445241928,6.3735113147785,2.672088405564846
43,medium,deepseekv4_attnmhc_swa,wikitext2,validation,1228800,1.7628055065870285,5.82876712166722,2.543190762404863
43,medium,deepseekv4_attnmhc_swa,wikitext2,validation,1433600,1.6986999213695526,5.46683545374004,2.4507059525183257
43,medium,deepseekv4_attnmhc_swa,wikitext2,validation,1638400,1.662854090332985,5.274342833809958,2.3989913498453257
43,medium,deepseekv4_attnmhc_swa,wikitext2,validation,1843200,1.7088289856910706,5.522490774002877,2.465319103383825
43,medium,deepseekv4_attnmhc_swa,wikitext2,validation,2048000,1.6063968539237976,4.984817804121933,2.3175407748554955
43,medium,deepseekv4_attnmhc_hca,wikitext2,validation,2048,5.502337098121643,245.26447009744217,7.938194444759464
43,medium,deepseekv4_attnmhc_hca,wikitext2,validation,204800,2.4398019313812256,11.470768518497358,3.5198901471550093
43,medium,deepseekv4_attnmhc_hca,wikitext2,validation,409600,2.090833395719528,8.091655906458422,3.0164349713295953
43,medium,deepseekv4_attnmhc_hca,wikitext2,validation,614400,1.9424223750829697,6.975628108723741,2.8023231278439624
43,medium,deepseekv4_attnmhc_hca,wikitext2,validation,819200,1.8918983340263367,6.631946388410943,2.7294323443658874
43,medium,deepseekv4_attnmhc_hca,wikitext2,validation,1024000,1.8401099145412445,6.297230380177329,2.6547174483992677
43,medium,deepseekv4_attnmhc_hca,wikitext2,validation,1228800,1.7690654397010803,5.8653692579221115,2.552221936864802
43,medium,deepseekv4_attnmhc_hca,wikitext2,validation,1433600,1.6940624415874481,5.441541809563841,2.4440154834344607
43,medium,deepseekv4_attnmhc_hca,wikitext2,validation,1638400,1.668121114373207,5.302196212127331,2.4065900593083973
43,medium,deepseekv4_attnmhc_hca,wikitext2,validation,1843200,1.6933208256959915,5.43750777172202,2.442945557865612
43,medium,deepseekv4_attnmhc_hca,wikitext2,validation,2048000,1.5962692946195602,4.934588545411283,2.3029297952709635
44,medium,deepseekv4_attnmhc,wikitext2,validation,2048,5.507769703865051,246.60052109959406,7.946032038124584
44,medium,deepseekv4_attnmhc,wikitext2,validation,204800,2.405901998281479,11.088427515328185,3.4709828817855373
44,medium,deepseekv4_attnmhc,wikitext2,validation,409600,2.0625837445259094,7.866268003246629,2.975679339645718
44,medium,deepseekv4_attnmhc,wikitext2,validation,614400,1.97188238799572,7.184187195896852,2.844824942377712
44,medium,deepseekv4_attnmhc,wikitext2,validation,819200,1.8418070524930954,6.307926722864267,2.6571659009061075
44,medium,deepseekv4_attnmhc,wikitext2,validation,1024000,1.76007641851902,5.812881589232306,2.539253520582998
44,medium,deepseekv4_attnmhc,wikitext2,validation,1228800,1.7539619952440262,5.777447610316026,2.5304322724462684
44,medium,deepseekv4_attnmhc,wikitext2,validation,1433600,1.703955352306366,5.495641658117743,2.458287936668601
44,medium,deepseekv4_attnmhc,wikitext2,validation,1638400,1.7177792191505432,5.572140211298264,2.4782315608106047
44,medium,deepseekv4_attnmhc,wikitext2,validation,1843200,1.6748037487268448,5.3377475065320095,2.4162310627504646
44,medium,deepseekv4_attnmhc,wikitext2,validation,2048000,1.674222394824028,5.334645288017629,2.4153923463578693
44,medium,deepseekv4_attnmhc_swa,wikitext2,validation,2048,5.506978392601013,246.40546051652706,7.944890417288157
44,medium,deepseekv4_attnmhc_swa,wikitext2,validation,204800,2.445447415113449,11.53570969526223,3.5280348585389074
44,medium,deepseekv4_attnmhc_swa,wikitext2,validation,409600,2.105221599340439,8.208921899734634,3.0371927613407834
44,medium,deepseekv4_attnmhc_swa,wikitext2,validation,614400,1.9959979504346848,7.359543824364658,2.8796163447166547
44,medium,deepseekv4_attnmhc_swa,wikitext2,validation,819200,1.872179999947548,6.502456313795477,2.700984801575827
44,medium,deepseekv4_attnmhc_swa,wikitext2,validation,1024000,1.774465799331665,5.897130043925397,2.560013008922864
44,medium,deepseekv4_attnmhc_swa,wikitext2,validation,1228800,1.769152507185936,5.865879963103733,2.552347548693426
44,medium,deepseekv4_attnmhc_swa,wikitext2,validation,1433600,1.706807792186737,5.511340024230334,2.462403137538446
44,medium,deepseekv4_attnmhc_swa,wikitext2,validation,1638400,1.712749570608139,5.544184666622144,2.470975311801064
44,medium,deepseekv4_attnmhc_swa,wikitext2,validation,1843200,1.6849747449159622,5.392314747267732,2.430904708513405
44,medium,deepseekv4_attnmhc_swa,wikitext2,validation,2048000,1.6512113362550735,5.213291052360162,2.3821944062748335
44,medium,deepseekv4_attnmhc_hca,wikitext2,validation,2048,5.507139325141907,246.44511836441154,7.945122593866822
44,medium,deepseekv4_attnmhc_hca,wikitext2,validation,204800,2.416850358247757,11.210494609156232,3.4867780264147537
44,medium,deepseekv4_attnmhc_hca,wikitext2,validation,409600,2.095008760690689,8.125512154999493,3.0224587496673903
44,medium,deepseekv4_attnmhc_hca,wikitext2,validation,614400,1.9970687329769135,7.367428516052294,2.8811611573801987
44,medium,deepseekv4_attnmhc_hca,wikitext2,validation,819200,1.8831980228424072,6.574496668685723,2.716880448566642
44,medium,deepseekv4_attnmhc_hca,wikitext2,validation,1024000,1.7903811931610107,5.9917360399151525,2.5829740686742557
44,medium,deepseekv4_attnmhc_hca,wikitext2,validation,1228800,1.7728609591722488,5.887673682809227,2.5576977139834547
44,medium,deepseekv4_attnmhc_hca,wikitext2,validation,1433600,1.7139479964971542,5.550832943998266,2.472704274888019
44,medium,deepseekv4_attnmhc_hca,wikitext2,validation,1638400,1.728780820965767,5.633781131867651,2.494103517191263
44,medium,deepseekv4_attnmhc_hca,wikitext2,validation,1843200,1.6809331178665161,5.370565003907964,2.4250738732120465
44,medium,deepseekv4_attnmhc_hca,wikitext2,validation,2048000,1.6574704051017761,5.246023731158792,2.3912243338605537
